{
    "ManagedPolicy": "arn:aws:iam::aws:policy/IAMFullAccess",
    "InlinePolicy": {
        "Version": "2012-10-17",
        "Statement": [{
                "Action": "s3:*",
                "Effect": "Allow",
                "Resource": "*"
            },
            {
                "Action": "ec2:*",
                "Effect": "Allow",
                "Resource": "*"
            },
            {
                "Action": "cloudfront:*",
                "Effect": "Allow",
                "Resource": "*"
            },
            {
                "Effect": "Allow",
                "Action": "vpc:*",
                "Resource": "*"
            },
            {
                "Effect": "Allow",
                "Action": "elasticloadbalancing:*",
                "Resource": "*"
            },
            {
                "Effect": "Allow",
                "Action": "cloudwatch:*",
                "Resource": "*"
            },
            {
                "Effect": "Allow",
                "Action": "autoscaling:*",
                "Resource": "*"
            },
            {
                "Effect": "Allow",
                "Action": "rds:*",
                "Resource": "*"
            },
            {
                "Effect": "Allow",
                "Action": ["sts:GetServiceBearerToken", "sts:AssumeRole"],
                "Resource": "*"
            },
            {
                "Sid": "Stmt1681816488820",
                "Action": "ecs:*",
                "Effect": "Allow",
                "Resource": "*"
            },
            {
                "Sid": "Stmt1681816520061",
                "Action": "ecr:*",
                "Effect": "Allow",
                "Resource": "*"
            },

            {
                "Sid": "Stmt1681816535367",
                "Action": "ecr-public:*",
                "Effect": "Allow",
                "Resource": "*"
            },
            {
                "Sid": "Stmt1681816951033",
                "Action": "codeartifact:*",
                "Effect": "Allow",
                "Resource": "*"
            },
            {
                "Sid": "Stmt1681816974008",
                "Action": "codebuild:*",
                "Effect": "Allow",
                "Resource": "*"
            },
            {
                "Sid": "Stmt1681816991039",
                "Action": "codecommit:*",
                "Effect": "Allow",
                "Resource": "*"
            },
            {
                "Sid": "Stmt1681817015235",
                "Action": "codedeploy:*",
                "Effect": "Allow",
                "Resource": "*"
            },
            {
                "Sid": "Stmt1681817033698",
                "Action": "codepipeline:*",
                "Effect": "Allow",
                "Resource": "*"
            },
            {
                "Action": "events:*",
                "Effect": "Allow",
                "Resource": "*"
            },
            {
                "Effect": "Allow",
                "Action": "iam:CreateServiceLinkedRole",
                "Resource": "*",
                "Condition": {
                    "StringEquals": {
                        "iam:AWSServiceName": [
                            "autoscaling.amazonaws.com",
                            "ec2scheduled.amazonaws.com",
                            "elasticloadbalancing.amazonaws.com",
                            "spot.amazonaws.com",
                            "spotfleet.amazonaws.com",
                            "transitgateway.amazonaws.com",
                            "s3.amazonaws.com",
                            "rds.amazonaws.com",
                            "ecr.amazonaws.com",
                            "cloudfront.amazonaws.com",
                            "ecs-tasks.amazonaws.com",
                            "ecs.amazonaws.com",
                            "ecs.application-autoscaling.amazonaws.com",
                            "codebuild.amazonaws.com",
                            "codecommit.amazonaws.com",
                            "codedeploy.${ap-south-1}.amazonaws.com",
                            "codedeploy.amazonaws.com",
                            "codeguru-reviewer.amazonaws.com",
                            "codepipeline.amazonaws.com",
                            "codestar-notifications.amazonaws.com",
                            "codestar.amazonaws.com"
                        ]
                    }
                }
            }
        ]
    }
}